,soft_preds
0,electro_bug
1,another_bug
2,engine_ignition
3,gear_stick
4,break_bug
5,engine_overheat
6,engine_fuel
7,break_bug
8,engine_fuel
9,gear_stick
10,gear_stick
11,engine_overheat
12,electro_bug
13,gear_stick
14,engine_ignition
15,engine_fuel
16,break_bug
17,gear_stick
18,another_bug
19,gear_stick
20,gear_stick
21,gear_stick
22,another_bug
23,engine_ignition
24,gear_stick
25,engine_fuel
26,engine_overheat
27,gear_stick
28,another_bug
29,gear_stick
30,engine_ignition
31,engine_check
32,gear_stick
33,engine_ignition
34,another_bug
35,gear_stick
36,gear_stick
37,engine_fuel
38,another_bug
39,engine_ignition
40,engine_overheat
41,another_bug
42,another_bug
43,engine_overheat
44,gear_stick
45,engine_fuel
46,engine_overheat
47,gear_stick
48,electro_bug
49,engine_ignition
50,engine_check
51,gear_stick
52,gear_stick
53,engine_ignition
54,engine_overheat
55,wheel_shake
56,gear_stick
57,engine_overheat
58,another_bug
59,engine_ignition
60,gear_stick
61,engine_fuel
62,engine_overheat
63,engine_ignition
64,gear_stick
65,engine_ignition
66,gear_stick
67,engine_fuel
68,another_bug
69,engine_overheat
70,gear_stick
71,another_bug
72,another_bug
73,gear_stick
74,engine_fuel
75,engine_fuel
76,engine_ignition
77,engine_check
78,gear_stick
79,gear_stick
80,engine_ignition
81,gear_stick
82,gear_stick
83,engine_overheat
84,gear_stick
85,engine_overheat
86,engine_ignition
87,engine_overheat
88,engine_fuel
89,another_bug
90,engine_fuel
91,gear_stick
92,engine_check
93,engine_fuel
94,engine_check
95,break_bug
96,gear_stick
97,engine_overheat
98,engine_overheat
99,gear_stick
100,another_bug
101,engine_overheat
102,another_bug
103,engine_overheat
104,gear_stick
105,another_bug
106,gear_stick
107,gear_stick
108,engine_fuel
109,another_bug
110,engine_fuel
111,engine_overheat
112,engine_ignition
113,engine_check
114,another_bug
115,gear_stick
116,engine_overheat
117,engine_overheat
118,engine_overheat
119,engine_ignition
120,engine_fuel
121,another_bug
122,engine_overheat
123,engine_fuel
124,gear_stick
125,engine_overheat
126,engine_ignition
127,engine_overheat
128,engine_overheat
129,engine_ignition
130,engine_fuel
131,engine_overheat
132,gear_stick
133,gear_stick
134,gear_stick
135,engine_overheat
136,gear_stick
137,another_bug
138,gear_stick
139,gear_stick
140,gear_stick
141,gear_stick
142,engine_fuel
143,another_bug
144,gear_stick
145,engine_overheat
146,engine_overheat
147,engine_ignition
148,engine_overheat
149,gear_stick
150,engine_overheat
151,gear_stick
152,another_bug
153,engine_overheat
154,gear_stick
155,engine_overheat
156,engine_overheat
157,gear_stick
158,break_bug
159,another_bug
160,gear_stick
161,gear_stick
162,engine_overheat
163,another_bug
164,engine_overheat
165,engine_ignition
166,engine_check
167,gear_stick
168,another_bug
169,engine_fuel
170,gear_stick
171,engine_overheat
172,gear_stick
173,gear_stick
174,another_bug
175,break_bug
176,gear_stick
177,engine_check
178,another_bug
179,engine_fuel
180,gear_stick
181,another_bug
182,engine_overheat
183,engine_overheat
184,another_bug
185,gear_stick
186,engine_overheat
187,another_bug
188,gear_stick
189,gear_stick
190,engine_overheat
191,gear_stick
192,break_bug
193,another_bug
194,another_bug
195,another_bug
196,engine_overheat
197,engine_fuel
198,gear_stick
199,engine_overheat
200,gear_stick
201,engine_check
202,engine_fuel
203,engine_check
204,another_bug
205,electro_bug
206,gear_stick
207,electro_bug
208,engine_check
209,engine_overheat
210,engine_overheat
211,engine_overheat
212,gear_stick
213,break_bug
214,gear_stick
215,engine_check
216,another_bug
217,engine_overheat
218,engine_overheat
219,engine_overheat
220,engine_fuel
221,another_bug
222,engine_ignition
223,engine_overheat
224,engine_ignition
225,gear_stick
226,engine_ignition
227,another_bug
228,engine_fuel
229,gear_stick
230,engine_overheat
231,engine_fuel
232,another_bug
233,another_bug
234,another_bug
235,break_bug
236,engine_overheat
237,engine_overheat
238,engine_fuel
239,electro_bug
240,another_bug
241,gear_stick
242,gear_stick
243,gear_stick
244,engine_overheat
245,engine_ignition
246,engine_check
247,gear_stick
248,another_bug
249,electro_bug
250,gear_stick
251,gear_stick
252,engine_fuel
253,gear_stick
254,another_bug
255,engine_fuel
256,electro_bug
257,another_bug
258,another_bug
259,engine_fuel
260,engine_fuel
261,engine_fuel
262,gear_stick
263,another_bug
264,engine_check
265,gear_stick
266,engine_overheat
267,engine_overheat
268,another_bug
269,another_bug
270,break_bug
271,gear_stick
272,engine_overheat
273,gear_stick
274,engine_ignition
275,engine_overheat
276,engine_overheat
277,another_bug
278,another_bug
279,gear_stick
280,break_bug
281,gear_stick
282,engine_fuel
283,engine_overheat
284,engine_overheat
285,gear_stick
286,gear_stick
287,break_bug
288,engine_check
289,gear_stick
290,engine_overheat
291,engine_overheat
292,engine_overheat
293,engine_fuel
294,break_bug
295,break_bug
296,another_bug
297,engine_overheat
298,engine_overheat
299,break_bug
300,electro_bug
301,gear_stick
302,engine_overheat
303,engine_check
304,engine_fuel
305,gear_stick
306,gear_stick
307,engine_overheat
308,another_bug
309,engine_overheat
310,engine_check
311,another_bug
312,engine_overheat
313,engine_overheat
314,engine_fuel
315,engine_ignition
316,gear_stick
317,engine_check
318,another_bug
319,engine_ignition
320,engine_overheat
321,engine_fuel
322,engine_overheat
323,another_bug
324,gear_stick
325,engine_overheat
326,engine_fuel
327,engine_fuel
328,another_bug
329,gear_stick
330,break_bug
331,wheel_shake
332,another_bug
333,engine_check
334,engine_overheat
335,engine_fuel
336,gear_stick
337,gear_stick
338,gear_stick
339,gear_stick
340,engine_overheat
341,gear_stick
342,gear_stick
343,engine_fuel
344,gear_stick
345,engine_overheat
346,engine_fuel
347,engine_ignition
348,engine_check
349,electro_bug
350,engine_overheat
351,gear_stick
352,engine_check
353,engine_overheat
354,another_bug
355,gear_stick
356,gear_stick
357,gear_stick
358,another_bug
359,engine_overheat
360,engine_check
361,gear_stick
362,break_bug
363,engine_overheat
364,wheel_shake
365,another_bug
366,engine_overheat
367,another_bug
368,engine_fuel
369,engine_check
370,another_bug
371,gear_stick
372,gear_stick
373,engine_overheat
374,engine_overheat
375,engine_ignition
376,another_bug
377,another_bug
378,another_bug
379,engine_fuel
380,another_bug
381,gear_stick
382,engine_overheat
383,engine_overheat
384,engine_overheat
385,gear_stick
386,engine_check
387,engine_overheat
388,engine_overheat
389,another_bug
390,gear_stick
391,gear_stick
392,engine_ignition
393,engine_fuel
394,engine_ignition
395,engine_check
396,engine_fuel
397,engine_overheat
398,engine_overheat
399,engine_overheat
400,engine_overheat
401,engine_ignition
402,engine_ignition
403,gear_stick
404,another_bug
405,engine_ignition
406,engine_overheat
407,gear_stick
408,break_bug
409,engine_overheat
410,engine_overheat
411,break_bug
412,gear_stick
413,engine_overheat
414,gear_stick
415,engine_fuel
416,gear_stick
417,gear_stick
418,engine_overheat
419,gear_stick
420,engine_check
421,gear_stick
422,electro_bug
423,engine_fuel
424,engine_check
425,gear_stick
426,gear_stick
427,gear_stick
428,engine_ignition
429,engine_ignition
430,gear_stick
431,break_bug
432,gear_stick
433,gear_stick
434,gear_stick
435,another_bug
436,engine_fuel
437,engine_check
438,gear_stick
439,break_bug
440,engine_check
441,gear_stick
442,another_bug
443,gear_stick
444,engine_check
445,engine_overheat
446,another_bug
447,gear_stick
448,engine_overheat
449,engine_overheat
450,engine_overheat
451,gear_stick
452,engine_fuel
453,engine_ignition
454,engine_fuel
455,engine_check
456,engine_overheat
457,gear_stick
458,engine_overheat
459,engine_overheat
460,break_bug
461,engine_ignition
462,engine_overheat
463,engine_overheat
464,break_bug
465,gear_stick
466,engine_ignition
467,break_bug
468,engine_ignition
469,gear_stick
470,gear_stick
471,gear_stick
472,gear_stick
473,gear_stick
474,another_bug
475,break_bug
476,another_bug
477,another_bug
478,engine_overheat
479,engine_overheat
480,another_bug
481,gear_stick
482,another_bug
483,gear_stick
484,gear_stick
485,gear_stick
486,engine_ignition
487,engine_fuel
488,engine_overheat
489,gear_stick
490,engine_overheat
491,gear_stick
492,gear_stick
493,engine_ignition
494,engine_ignition
495,engine_overheat
496,gear_stick
497,engine_fuel
498,gear_stick
499,engine_overheat
500,engine_check
501,engine_overheat
502,engine_check
503,gear_stick
504,another_bug
505,gear_stick
506,engine_overheat
507,gear_stick
508,gear_stick
509,engine_fuel
510,gear_stick
511,another_bug
512,engine_check
513,engine_ignition
514,engine_overheat
515,another_bug
516,engine_ignition
517,gear_stick
518,another_bug
519,engine_ignition
520,engine_fuel
521,engine_check
522,gear_stick
523,engine_overheat
524,gear_stick
525,engine_ignition
526,engine_fuel
527,gear_stick
528,break_bug
529,engine_ignition
530,engine_overheat
531,engine_overheat
532,gear_stick
533,engine_ignition
534,engine_overheat
535,engine_ignition
536,gear_stick
537,engine_overheat
538,engine_overheat
539,engine_overheat
540,engine_check
541,engine_fuel
542,gear_stick
543,gear_stick
544,engine_check
545,engine_ignition
546,another_bug
547,engine_overheat
548,engine_fuel
549,another_bug
550,engine_overheat
551,engine_overheat
552,another_bug
553,gear_stick
554,another_bug
555,gear_stick
556,engine_ignition
557,gear_stick
558,engine_overheat
559,gear_stick
560,engine_overheat
561,engine_check
562,gear_stick
563,engine_overheat
564,engine_ignition
565,engine_overheat
566,gear_stick
567,engine_check
568,engine_overheat
569,engine_check
570,engine_ignition
571,engine_ignition
572,another_bug
573,engine_overheat
574,engine_overheat
575,engine_fuel
576,engine_fuel
577,engine_overheat
578,engine_overheat
579,break_bug
580,another_bug
581,gear_stick
582,break_bug
583,gear_stick
584,gear_stick
